symbol,price,buy_qty,sell_qty
ETHUSDT,2590,1.38,0.0
ETHUSDT,2591,2.02,0.0
ETHUSDT,2592,7.04,0.0
ETHUSDT,2593,192.88,0.0
ETHUSDT,2594,50.09,0.0
ETHUSDT,2595,0.1,0.0
ETHUSDT,2596,0.17,0.0
ETHUSDT,2597,0.59,0.0
ETHUSDT,2598,0.38,0.0
ETHUSDT,2599,0.86,0.0
ETHUSDT,2600,120.63,0.0
ETHUSDT,2601,18.8,0.0
ETHUSDT,2602,0.02,0.0
ETHUSDT,2603,2.7,0.0
ETHUSDT,2604,0.02,0.0
ETHUSDT,2605,196.86,0.0
ETHUSDT,2606,684.17,0.0
ETHUSDT,2607,0.03,0.0
ETHUSDT,2608,13.92,0.0
ETHUSDT,2609,1.06,0.0
ETHUSDT,2610,3.25,0.0
ETHUSDT,2611,1.19,0.0
ETHUSDT,2612,1.41,0.0
ETHUSDT,2613,4.37,0.0
ETHUSDT,2614,0.8,0.0
ETHUSDT,2615,15.0,0.0
ETHUSDT,2616,0.51,0.0
ETHUSDT,2617,4.62,0.0
ETHUSDT,2618,191.04,0.0
ETHUSDT,2619,0.43,0.0
ETHUSDT,2620,6.93,0.0
ETHUSDT,2621,1.69,0.0
ETHUSDT,2622,10.99,0.0
ETHUSDT,2623,30.37,0.0
ETHUSDT,2624,0.43,0.0
ETHUSDT,2625,11.06,0.0
ETHUSDT,2626,6.81,0.0
ETHUSDT,2627,0.03,0.0
ETHUSDT,2628,11.05,0.0
ETHUSDT,2629,1.03,0.0
ETHUSDT,2630,23.35,0.0
ETHUSDT,2631,191.23,0.0
ETHUSDT,2632,24.14,0.0
ETHUSDT,2633,1.0,0.0
ETHUSDT,2634,53.19,0.0
ETHUSDT,2635,14.28,0.0
ETHUSDT,2636,2.17,0.0
ETHUSDT,2637,57.99,0.0
ETHUSDT,2638,0.08,0.0
ETHUSDT,2639,250.32,0.0
ETHUSDT,2640,15.65,0.0
ETHUSDT,2641,31.07,0.0
ETHUSDT,2642,12.75,0.0
ETHUSDT,2643,9.68,0.0
ETHUSDT,2644,34.3,0.0
ETHUSDT,2645,1.21,0.0
ETHUSDT,2646,9.85,0.0
ETHUSDT,2647,0.07,0.0
ETHUSDT,2648,0.01,0.0
ETHUSDT,2649,36.44,0.0
ETHUSDT,2650,43.66,0.0
ETHUSDT,2651,376.42,0.0
ETHUSDT,2652,273.41,0.0
ETHUSDT,2653,12.8,0.0
ETHUSDT,2654,280.74,0.0
ETHUSDT,2655,258.86,0.0
ETHUSDT,2656,63.53,0.0
ETHUSDT,2657,249.08,0.0
ETHUSDT,2658,1186.22,0.0
ETHUSDT,2659,408.07,0.0
ETHUSDT,2660,131.81,0.0
ETHUSDT,2661,282.18,0.0
ETHUSDT,2662,517.98,0.0
ETHUSDT,2663,566.25,0.0
ETHUSDT,2664,262.1,0.0
ETHUSDT,2665,26.82,69.18
ETHUSDT,2666,0.0,283.41
ETHUSDT,2667,0.0,461.94
ETHUSDT,2668,0.0,351.3
ETHUSDT,2669,0.0,408.9
ETHUSDT,2670,0.0,858.37
ETHUSDT,2671,0.0,98.47
ETHUSDT,2672,0.0,208.75
ETHUSDT,2673,0.0,202.62
ETHUSDT,2674,0.0,224.28
ETHUSDT,2675,0.0,204.25
ETHUSDT,2676,0.0,95.89
ETHUSDT,2677,0.0,267.81
ETHUSDT,2678,0.0,346.5
ETHUSDT,2679,0.0,33.64
ETHUSDT,2680,0.0,17.58
ETHUSDT,2681,0.0,1.98
ETHUSDT,2682,0.0,20.35
ETHUSDT,2684,0.0,197.54
ETHUSDT,2685,0.0,17.18
ETHUSDT,2686,0.0,0.08
ETHUSDT,2688,0.0,11.22
ETHUSDT,2689,0.0,0.04
ETHUSDT,2690,0.0,0.4
ETHUSDT,2691,0.0,0.1
ETHUSDT,2692,0.0,5.88
ETHUSDT,2693,0.0,53.02
ETHUSDT,2694,0.0,0.37
ETHUSDT,2695,0.0,0.42
ETHUSDT,2696,0.0,19.21
ETHUSDT,2697,0.0,0.16
ETHUSDT,2698,0.0,185.38
ETHUSDT,2699,0.0,0.02
ETHUSDT,2700,0.0,0.47
ETHUSDT,2701,0.0,0.1
ETHUSDT,2702,0.0,0.09
ETHUSDT,2703,0.0,0.09
ETHUSDT,2704,0.0,0.04
ETHUSDT,2705,0.0,0.21
ETHUSDT,2706,0.0,0.1
ETHUSDT,2707,0.0,1.14
ETHUSDT,2708,0.0,0.07
ETHUSDT,2709,0.0,0.04
ETHUSDT,2710,0.0,0.07
ETHUSDT,2711,0.0,184.53
ETHUSDT,2712,0.0,0.03
ETHUSDT,2713,0.0,0.07
ETHUSDT,2714,0.0,0.2
ETHUSDT,2715,0.0,0.04
ETHUSDT,2716,0.0,149.02
ETHUSDT,2717,0.0,0.13
ETHUSDT,2718,0.0,1.12
ETHUSDT,2719,0.0,3.49
ETHUSDT,2720,0.0,0.03
ETHUSDT,2721,0.0,0.11
ETHUSDT,2723,0.0,0.02
ETHUSDT,2724,0.0,0.21
ETHUSDT,2725,0.0,738.51
ETHUSDT,2726,0.0,1.19
ETHUSDT,2727,0.0,0.19
ETHUSDT,2728,0.0,2.91
ETHUSDT,2729,0.0,0.01
ETHUSDT,2730,0.0,51.07
ETHUSDT,2732,0.0,1.16
ETHUSDT,2733,0.0,0.05
ETHUSDT,2734,0.0,10.4
ETHUSDT,2735,0.0,0.12
ETHUSDT,2736,0.0,0.46
ETHUSDT,2737,0.0,0.22
ETHUSDT,2738,0.0,0.1
ETHUSDT,2739,0.0,11.1
ETHUSDT,2740,0.0,5.2
ETHUSDT,2741,0.0,0.05
ETHUSDT,2742,0.0,0.12
ETHUSDT,2743,0.0,0.03
ETHUSDT,2744,0.0,20.59
ETHUSDT,2745,0.0,8.15
ETHUSDT,2746,0.0,0.18
ETHUSDT,2747,0.0,1.1
ETHUSDT,2748,0.0,0.1
ETHUSDT,2749,0.0,0.49
ETHUSDT,2750,0.0,8.78
ETHUSDT,2751,0.0,0.09
ETHUSDT,2752,0.0,0.17
ETHUSDT,2753,0.0,0.1
ETHUSDT,2754,0.0,0.23
ETHUSDT,2755,0.0,18.13
ETHUSDT,2756,0.0,0.19
ETHUSDT,2757,0.0,0.14
ETHUSDT,2758,0.0,0.03
ETHUSDT,2759,0.0,0.46
ETHUSDT,2760,0.0,13.86
ETHUSDT,2761,0.0,3.63
ETHUSDT,2762,0.0,1.45
ETHUSDT,2763,0.0,10.81
LTCUSDT,36.0,1.39,0.0
LTCUSDT,36.1,15.21,0.0
LTCUSDT,37.0,0.63,0.0
LTCUSDT,37.1,15.02,0.0
LTCUSDT,37.4,26.77,0.0
LTCUSDT,37.6,1.0,0.0
LTCUSDT,37.800000000000004,0.1,0.0
LTCUSDT,38.0,8.89,0.0
LTCUSDT,38.1,10.51,0.0
LTCUSDT,38.300000000000004,55.16,0.0
LTCUSDT,38.5,5.0,0.0
LTCUSDT,38.6,0.59,0.0
LTCUSDT,38.800000000000004,1.0,0.0
LTCUSDT,38.900000000000006,1.21,0.0
LTCUSDT,39.0,27.0,0.0
LTCUSDT,39.1,0.16,0.0
LTCUSDT,39.2,0.89,0.0
LTCUSDT,39.800000000000004,5.0,0.0
LTCUSDT,39.900000000000006,12.56,0.0
LTCUSDT,40.0,31.88,0.0
LTCUSDT,40.1,0.16,0.0
LTCUSDT,40.2,2.75,0.0
LTCUSDT,40.400000000000006,0.5,0.0
LTCUSDT,40.5,1.24,0.0
LTCUSDT,40.7,100.0,0.0
LTCUSDT,40.800000000000004,1.99,0.0
LTCUSDT,41.0,1998.49,0.0
LTCUSDT,41.1,20.0,0.0
LTCUSDT,41.2,1.19,0.0
LTCUSDT,41.300000000000004,6.5,0.0
LTCUSDT,41.400000000000006,0.12,0.0
LTCUSDT,41.5,2.12,0.0
LTCUSDT,41.800000000000004,130.0,0.0
LTCUSDT,42.0,3.37,0.0
LTCUSDT,42.1,37.0,0.0
LTCUSDT,42.300000000000004,0.15,0.0
LTCUSDT,42.6,2.0,0.0
LTCUSDT,42.800000000000004,1.0,0.0
LTCUSDT,43.0,15.44,0.0
LTCUSDT,43.1,0.28,0.0
LTCUSDT,43.2,5.52,0.0
LTCUSDT,43.400000000000006,2.15,0.0
LTCUSDT,43.6,0.5,0.0
LTCUSDT,43.800000000000004,1.03,0.0
LTCUSDT,44.1,0.1,0.0
LTCUSDT,44.300000000000004,1.22,0.0
LTCUSDT,44.5,111.68,0.0
LTCUSDT,44.6,50.0,0.0
LTCUSDT,44.7,134.23,0.0
LTCUSDT,45.0,355.43,0.0
LTCUSDT,45.1,1.0,0.0
LTCUSDT,45.2,66.62,0.0
LTCUSDT,45.400000000000006,0.55,0.0
LTCUSDT,45.5,1.15,0.0
LTCUSDT,45.7,3.04,0.0
LTCUSDT,45.800000000000004,1.05,0.0
LTCUSDT,46.0,12.99,0.0
LTCUSDT,46.1,0.22,0.0
LTCUSDT,46.2,20.53,0.0
LTCUSDT,46.300000000000004,10.94,0.0
LTCUSDT,46.400000000000006,3.29,0.0
LTCUSDT,46.5,2.0,0.0
LTCUSDT,46.6,0.75,0.0
LTCUSDT,46.900000000000006,1.16,0.0
LTCUSDT,47.0,9.46,0.0
LTCUSDT,47.1,2.0,0.0
LTCUSDT,47.2,11.65,0.0
LTCUSDT,47.300000000000004,1.23,0.0
LTCUSDT,47.5,1.2,0.0
LTCUSDT,47.6,53.57,0.0
LTCUSDT,47.800000000000004,2.0,0.0
LTCUSDT,47.900000000000006,10.43,0.0
LTCUSDT,48.0,35.58,0.0
LTCUSDT,48.1,1.0,0.0
LTCUSDT,48.5,0.57,0.0
LTCUSDT,48.6,51.9,0.0
LTCUSDT,48.800000000000004,2.0,0.0
LTCUSDT,49.0,0.41,0.0
LTCUSDT,49.1,1.0,0.0
LTCUSDT,49.300000000000004,1.49,0.0
LTCUSDT,49.400000000000006,5.07,0.0
LTCUSDT,49.7,20.77,0.0
LTCUSDT,49.800000000000004,212.9,0.0
LTCUSDT,50.0,93.66,0.0
LTCUSDT,50.1,8.29,0.0
LTCUSDT,50.2,450.2,0.0
LTCUSDT,50.400000000000006,95.46,0.0
LTCUSDT,50.5,85.4,0.0
LTCUSDT,50.6,500.1,0.0
LTCUSDT,50.800000000000004,111.88,0.0
LTCUSDT,50.900000000000006,1.21,0.0
LTCUSDT,51.0,104.14,0.0
LTCUSDT,51.1,92.11,0.0
LTCUSDT,51.2,116.81,0.0
LTCUSDT,51.400000000000006,11.93,0.0
LTCUSDT,51.5,104.25,0.0
LTCUSDT,51.6,4.85,0.0
LTCUSDT,51.7,96.66,0.0
LTCUSDT,51.800000000000004,101.0,0.0
LTCUSDT,51.900000000000006,1.93,0.0
LTCUSDT,52.0,277.35,0.0
LTCUSDT,52.1,0.32,0.0
LTCUSDT,52.2,173.16,0.0
LTCUSDT,52.300000000000004,1.05,0.0
LTCUSDT,52.5,102.16,0.0
LTCUSDT,52.6,1046.42,0.0
LTCUSDT,52.800000000000004,128.8,0.0
LTCUSDT,53.0,237.3,0.0
LTCUSDT,53.2,193.93,0.0
LTCUSDT,53.400000000000006,0.12,0.0
LTCUSDT,53.5,100.0,0.0
LTCUSDT,53.6,22.4,0.0
LTCUSDT,53.7,3.39,0.0
LTCUSDT,53.800000000000004,100.3,0.0
LTCUSDT,53.900000000000006,265.46,0.0
LTCUSDT,54.0,136.15,0.0
LTCUSDT,54.1,29.17,0.0
LTCUSDT,54.2,679.22,0.0
LTCUSDT,54.300000000000004,3.27,0.0
LTCUSDT,54.5,174.54,0.0
LTCUSDT,54.7,27.43,0.0
LTCUSDT,54.800000000000004,100.11,0.0
LTCUSDT,55.0,198.36,0.0
LTCUSDT,55.2,580.79,0.0
LTCUSDT,55.400000000000006,100.0,0.0
LTCUSDT,55.5,306.9,0.0
LTCUSDT,55.6,0.44,0.0
LTCUSDT,55.800000000000004,145.99,0.0
LTCUSDT,55.900000000000006,2.02,0.0
LTCUSDT,56.0,113.0,0.0
LTCUSDT,56.2,4.31,0.0
LTCUSDT,56.300000000000004,21.3,0.0
LTCUSDT,56.400000000000006,1.07,0.0
LTCUSDT,56.5,22.42,0.0
LTCUSDT,56.6,27.95,0.0
LTCUSDT,56.7,0.5,0.0
LTCUSDT,56.800000000000004,24.1,0.0
LTCUSDT,56.900000000000006,21.09,0.0
LTCUSDT,57.0,80.04,0.0
LTCUSDT,57.1,11.19,0.0
LTCUSDT,57.400000000000006,0.29,0.0
LTCUSDT,57.5,28.27,0.0
LTCUSDT,57.6,1.74,0.0
LTCUSDT,57.7,0.39,0.0
LTCUSDT,57.800000000000004,8.64,0.0
LTCUSDT,58.0,17.3,0.0
LTCUSDT,58.1,21.96,0.0
LTCUSDT,58.300000000000004,0.28,0.0
LTCUSDT,58.5,34.1,0.0
LTCUSDT,58.6,63.39,0.0
LTCUSDT,58.800000000000004,0.34,0.0
LTCUSDT,58.900000000000006,8.76,0.0
LTCUSDT,59.0,20.72,0.0
LTCUSDT,59.1,18.34,0.0
LTCUSDT,59.2,32.71,0.0
LTCUSDT,59.300000000000004,8.43,0.0
LTCUSDT,59.400000000000006,1.12,0.0
LTCUSDT,59.5,23.4,0.0
LTCUSDT,59.6,0.27,0.0
LTCUSDT,59.7,0.23,0.0
LTCUSDT,59.800000000000004,20.05,0.0
LTCUSDT,59.900000000000006,0.38,0.0
LTCUSDT,60.0,217.88,0.0
LTCUSDT,60.1,6.3,0.0
LTCUSDT,60.2,9.01,0.0
LTCUSDT,60.300000000000004,0.12,0.0
LTCUSDT,60.400000000000006,25.11,0.0
LTCUSDT,60.5,58.53,0.0
LTCUSDT,60.6,2.51,0.0
LTCUSDT,60.7,103.35,0.0
LTCUSDT,60.800000000000004,20.48,0.0
LTCUSDT,61.0,114.56,0.0
LTCUSDT,61.1,5.35,0.0
LTCUSDT,61.2,44.24,0.0
LTCUSDT,61.5,0.26,0.0
LTCUSDT,61.7,0.1,0.0
LTCUSDT,61.800000000000004,0.26,0.0
LTCUSDT,62.0,187.33,0.0
LTCUSDT,62.2,0.36,0.0
LTCUSDT,62.400000000000006,10.1,0.0
LTCUSDT,62.5,3.31,0.0
LTCUSDT,62.6,0.1,0.0
LTCUSDT,62.800000000000004,1.3,0.0
LTCUSDT,62.900000000000006,19.07,0.0
LTCUSDT,63.0,113.48,0.0
LTCUSDT,63.1,0.11,0.0
LTCUSDT,63.2,49.28,0.0
LTCUSDT,63.300000000000004,0.16,0.0
LTCUSDT,63.5,1.25,0.0
LTCUSDT,63.6,18.62,0.0
LTCUSDT,63.7,0.2,0.0
LTCUSDT,63.800000000000004,0.72,0.0
LTCUSDT,63.900000000000006,19.44,0.0
LTCUSDT,64.0,443.33,0.0
LTCUSDT,64.10000000000001,2.66,0.0
LTCUSDT,64.2,121.47,0.0
LTCUSDT,64.3,9.19,0.0
LTCUSDT,64.4,1.13,0.0
LTCUSDT,64.5,1.98,0.0
LTCUSDT,64.60000000000001,0.15,0.0
LTCUSDT,64.7,0.15,0.0
LTCUSDT,64.8,9.45,0.0
LTCUSDT,64.9,852.03,0.0
LTCUSDT,65.0,32.64,0.0
LTCUSDT,65.10000000000001,1008.34,0.0
LTCUSDT,65.2,26.64,0.0
LTCUSDT,65.3,1.18,0.0
LTCUSDT,65.4,0.96,0.0
LTCUSDT,65.5,2736.18,0.0
LTCUSDT,65.60000000000001,0.5,0.0
LTCUSDT,65.7,7.89,0.0
LTCUSDT,65.8,8.03,0.0
LTCUSDT,65.9,70.2,0.0
LTCUSDT,66.0,15.98,0.0
LTCUSDT,66.10000000000001,0.36,0.0
LTCUSDT,66.3,0.24,0.0
LTCUSDT,66.5,134.92,0.0
LTCUSDT,66.60000000000001,1021.81,0.0
LTCUSDT,66.7,88.68,0.0
LTCUSDT,66.8,0.3,0.0
LTCUSDT,66.9,0.15,0.0
LTCUSDT,67.0,77.43,0.0
LTCUSDT,67.10000000000001,7.6,0.0
LTCUSDT,67.2,1.38,0.0
LTCUSDT,67.3,0.34,0.0
LTCUSDT,67.4,22.26,0.0
LTCUSDT,67.5,82.4,0.0
LTCUSDT,67.60000000000001,0.15,0.0
LTCUSDT,67.7,1143.04,0.0
LTCUSDT,67.8,1.6,0.0
LTCUSDT,68.0,5990.94,0.0
LTCUSDT,68.10000000000001,1111.73,0.0
LTCUSDT,68.2,1714.94,0.0
LTCUSDT,68.3,2252.65,0.0
LTCUSDT,68.4,2530.54,0.0
LTCUSDT,68.5,2991.74,0.0
LTCUSDT,68.60000000000001,1419.19,0.0
LTCUSDT,68.7,1359.56,251.53
LTCUSDT,68.8,0.0,1521.95
LTCUSDT,68.9,0.0,1512.19
LTCUSDT,69.0,0.0,1748.41
LTCUSDT,69.10000000000001,0.0,2410.95
LTCUSDT,69.2,0.0,2061.84
LTCUSDT,69.3,0.0,1654.23
LTCUSDT,69.4,0.0,184.64
LTCUSDT,69.5,0.0,5830.86
LTCUSDT,69.60000000000001,0.0,286.15
LTCUSDT,69.8,0.0,287.4
LTCUSDT,70.10000000000001,0.0,0.77
LTCUSDT,70.3,0.0,0.29
LTCUSDT,70.60000000000001,0.0,1.38
LTCUSDT,70.7,0.0,75.0
LTCUSDT,70.8,0.0,1071.89
LTCUSDT,70.9,0.0,0.78
LTCUSDT,71.0,0.0,5.19
LTCUSDT,71.10000000000001,0.0,389.26
LTCUSDT,71.2,0.0,2.8
LTCUSDT,71.3,0.0,0.48
LTCUSDT,71.4,0.0,1.13
LTCUSDT,71.5,0.0,4.3
LTCUSDT,71.7,0.0,1.39
LTCUSDT,71.8,0.0,0.14
LTCUSDT,71.9,0.0,27.92
LTCUSDT,72.0,0.0,419.59
LTCUSDT,72.10000000000001,0.0,0.63
LTCUSDT,72.2,0.0,24.27
LTCUSDT,72.3,0.0,19.98
LTCUSDT,72.4,0.0,2463.52
LTCUSDT,72.5,0.0,7.41
LTCUSDT,72.60000000000001,0.0,15.69
LTCUSDT,72.7,0.0,0.43
LTCUSDT,72.8,0.0,19.12
LTCUSDT,72.9,0.0,1.62
LTCUSDT,73.0,0.0,2443.38
LTCUSDT,73.2,0.0,0.24
LTCUSDT,73.3,0.0,416.31
LTCUSDT,73.4,0.0,1.3
LTCUSDT,73.5,0.0,0.26
LTCUSDT,73.60000000000001,0.0,0.14
LTCUSDT,73.7,0.0,7.57
LTCUSDT,73.8,0.0,0.98
LTCUSDT,73.9,0.0,1.0
LTCUSDT,74.0,0.0,104.25
LTCUSDT,74.10000000000001,0.0,0.9
LTCUSDT,74.3,0.0,54.07
LTCUSDT,74.4,0.0,3.22
LTCUSDT,74.5,0.0,5.33
LTCUSDT,74.60000000000001,0.0,43.78
LTCUSDT,74.7,0.0,6.21
LTCUSDT,74.8,0.0,7.13
LTCUSDT,74.9,0.0,2.64
LTCUSDT,75.0,0.0,130.99
LTCUSDT,75.10000000000001,0.0,10.94
LTCUSDT,75.2,0.0,19.45
LTCUSDT,75.3,0.0,19.51
LTCUSDT,75.4,0.0,2.52
LTCUSDT,75.5,0.0,15.03
LTCUSDT,75.60000000000001,0.0,28.34
LTCUSDT,75.7,0.0,45.74
LTCUSDT,75.8,0.0,1.41
LTCUSDT,75.9,0.0,3.13
LTCUSDT,76.0,0.0,15.31
LTCUSDT,76.10000000000001,0.0,18.69
LTCUSDT,76.2,0.0,0.14
LTCUSDT,76.4,0.0,0.12
LTCUSDT,76.5,0.0,18.6
LTCUSDT,76.60000000000001,0.0,0.24
LTCUSDT,76.7,0.0,3.13
LTCUSDT,76.9,0.0,18.86
LTCUSDT,77.0,0.0,72.61
LTCUSDT,77.10000000000001,0.0,0.45
LTCUSDT,77.2,0.0,0.43
LTCUSDT,77.30000000000001,0.0,18.42
LTCUSDT,77.4,0.0,0.13
LTCUSDT,77.5,0.0,1.54
LTCUSDT,77.60000000000001,0.0,17.93
LTCUSDT,77.7,0.0,4.36
LTCUSDT,77.80000000000001,0.0,115.36
LTCUSDT,78.0,0.0,249.96
LTCUSDT,78.10000000000001,0.0,0.12
LTCUSDT,78.2,0.0,0.42
LTCUSDT,78.30000000000001,0.0,1.96
LTCUSDT,78.4,0.0,19.57
LTCUSDT,78.5,0.0,39.3
LTCUSDT,78.60000000000001,0.0,5.76
LTCUSDT,78.7,0.0,20.32
LTCUSDT,78.80000000000001,0.0,39.3
LTCUSDT,78.9,0.0,1.85
LTCUSDT,79.0,0.0,23.3
LTCUSDT,79.10000000000001,0.0,24.06
LTCUSDT,79.2,0.0,19.8
LTCUSDT,79.30000000000001,0.0,3.21
LTCUSDT,79.60000000000001,0.0,17.88
LTCUSDT,79.7,0.0,0.13
LTCUSDT,79.80000000000001,0.0,3.28
LTCUSDT,79.9,0.0,14.14
LTCUSDT,80.0,0.0,192.43
LTCUSDT,80.2,0.0,3.0
LTCUSDT,80.30000000000001,0.0,1.33
LTCUSDT,80.4,0.0,21.12
LTCUSDT,80.5,0.0,0.15
LTCUSDT,80.7,0.0,5.35
LTCUSDT,80.80000000000001,0.0,17.62
LTCUSDT,80.9,0.0,0.21
LTCUSDT,81.0,0.0,57.85
LTCUSDT,81.10000000000001,0.0,7.99
LTCUSDT,81.2,0.0,17.54
LTCUSDT,81.30000000000001,0.0,1.11
LTCUSDT,81.4,0.0,27.76
LTCUSDT,81.60000000000001,0.0,24.02
LTCUSDT,81.7,0.0,1.14
LTCUSDT,81.80000000000001,0.0,7.7
LTCUSDT,82.0,0.0,36.67
LTCUSDT,82.10000000000001,0.0,0.13
LTCUSDT,82.30000000000001,0.0,4.05
LTCUSDT,82.5,0.0,24.75
LTCUSDT,82.80000000000001,0.0,12.69
LTCUSDT,82.9,0.0,50.25
LTCUSDT,83.0,0.0,13.07
LTCUSDT,83.10000000000001,0.0,3.9
LTCUSDT,83.2,0.0,9.38
LTCUSDT,83.30000000000001,0.0,16.86
LTCUSDT,83.4,0.0,0.12
LTCUSDT,83.5,0.0,259.54
LTCUSDT,83.60000000000001,0.0,49.98
LTCUSDT,83.7,0.0,16.63
LTCUSDT,83.9,0.0,1.06
LTCUSDT,84.0,0.0,26.33
LTCUSDT,84.10000000000001,0.0,16.55
LTCUSDT,84.4,0.0,12.0
LTCUSDT,84.5,0.0,64.16
LTCUSDT,84.60000000000001,0.0,0.12
LTCUSDT,84.7,0.0,20.49
LTCUSDT,84.80000000000001,0.0,4.0
LTCUSDT,84.9,0.0,0.24
LTCUSDT,85.0,0.0,32.71
LTCUSDT,85.10000000000001,0.0,0.08
LTCUSDT,85.2,0.0,0.52
LTCUSDT,85.4,0.0,16.49
LTCUSDT,85.60000000000001,0.0,77.34
LTCUSDT,85.7,0.0,2.0
LTCUSDT,85.9,0.0,0.12
LTCUSDT,86.0,0.0,1330.6
LTCUSDT,86.10000000000001,0.0,0.23
LTCUSDT,86.30000000000001,0.0,16.14
LTCUSDT,86.60000000000001,0.0,7.28
LTCUSDT,86.7,0.0,1.0
LTCUSDT,86.80000000000001,0.0,0.15
LTCUSDT,87.0,0.0,522.17
LTCUSDT,87.2,0.0,0.12
LTCUSDT,87.30000000000001,0.0,0.07
LTCUSDT,87.5,0.0,9.62
LTCUSDT,87.60000000000001,0.0,468.94
LTCUSDT,87.7,0.0,2.25
LTCUSDT,87.80000000000001,0.0,2.25
LTCUSDT,88.0,0.0,27.38
LTCUSDT,88.5,0.0,152.09
LTCUSDT,88.60000000000001,0.0,10.13
LTCUSDT,88.7,0.0,2.04
LTCUSDT,88.80000000000001,0.0,17.09
LTCUSDT,88.9,0.0,6.89
LTCUSDT,89.0,0.0,12.35
LTCUSDT,89.10000000000001,0.0,1.36
LTCUSDT,89.5,0.0,1.75
LTCUSDT,89.80000000000001,0.0,0.49
LTCUSDT,89.9,0.0,2.0
LTCUSDT,90.0,0.0,84.82
LTCUSDT,90.9,0.0,0.9
LTCUSDT,91.0,0.0,19.12
LTCUSDT,91.2,0.0,0.11
LTCUSDT,91.60000000000001,0.0,6.88
LTCUSDT,91.80000000000001,0.0,0.07
LTCUSDT,91.9,0.0,439.24
LTCUSDT,92.0,0.0,0.2
LTCUSDT,92.30000000000001,0.0,5.69
LTCUSDT,92.5,0.0,9.61
LTCUSDT,92.7,0.0,1.0
LTCUSDT,92.9,0.0,1.9
LTCUSDT,93.0,0.0,11.15
LTCUSDT,93.2,0.0,14.41
LTCUSDT,93.80000000000001,0.0,6.0
LTCUSDT,93.9,0.0,1.54
LTCUSDT,94.0,0.0,3.0
LTCUSDT,94.2,0.0,2.06
LTCUSDT,94.4,0.0,0.34
LTCUSDT,94.7,0.0,0.05
LTCUSDT,94.9,0.0,1.01
LTCUSDT,95.0,0.0,17.61
LTCUSDT,95.30000000000001,0.0,0.11
LTCUSDT,95.9,0.0,0.9
LTCUSDT,96.0,0.0,5.2
LTCUSDT,96.60000000000001,0.0,0.16
LTCUSDT,96.7,0.0,4.62
LTCUSDT,96.9,0.0,1.31
LTCUSDT,97.0,0.0,14.07
LTCUSDT,97.5,0.0,12.15
LTCUSDT,97.7,0.0,5.38
LTCUSDT,97.80000000000001,0.0,13.65
LTCUSDT,97.9,0.0,0.9
LTCUSDT,98.0,0.0,1.93
LTCUSDT,98.2,0.0,0.11
LTCUSDT,98.9,0.0,0.9
LTCUSDT,99.0,0.0,117.62
LTCUSDT,99.30000000000001,0.0,0.2
LTCUSDT,99.4,0.0,1.41
LTCUSDT,99.60000000000001,0.0,0.1
LTCUSDT,99.9,0.0,2.9
LTCUSDT,100.0,0.0,114.09
LTCUSDT,100.10000000000001,0.0,0.4
LTCUSDT,100.30000000000001,0.0,0.1
LTCUSDT,101.0,0.0,138.12
LTCUSDT,101.10000000000001,0.0,0.69
LTCUSDT,101.4,0.0,6.27
LTCUSDT,101.60000000000001,0.0,10.0
LTCUSDT,102.0,0.0,17.24
LTCUSDT,102.30000000000001,0.0,1.06
LTCUSDT,102.5,0.0,0.15
LTCUSDT,102.60000000000001,0.0,6.24
LTCUSDT,103.0,0.0,5.14
LTCUSDT,103.10000000000001,0.0,0.39
LTCUSDT,103.2,0.0,0.57
LTCUSDT,103.4,0.0,4.82
LTCUSDT,103.5,0.0,5.0
LTCUSDT,103.7,0.0,2.57
LTCUSDT,103.80000000000001,0.0,0.82
LTCUSDT,104.0,0.0,7.2
LTCUSDT,104.2,0.0,0.1
LTCUSDT,104.4,0.0,18.06
LTCUSDT,104.60000000000001,0.0,10.0
LTCUSDT,105.0,0.0,28.93
LTCUSDT,105.30000000000001,0.0,1.56
LTCUSDT,105.5,0.0,85.69
LTCUSDT,105.80000000000001,0.0,0.1
LTCUSDT,106.5,0.0,13.96
LTCUSDT,106.7,0.0,0.38
LTCUSDT,107.0,0.0,6.39
LTCUSDT,107.30000000000001,0.0,0.1
LTCUSDT,107.4,0.0,0.96
LTCUSDT,107.60000000000001,0.0,2.15
LTCUSDT,108.0,0.0,0.3
LTCUSDT,108.10000000000001,0.0,0.35
LTCUSDT,108.2,0.0,300.4
LTCUSDT,108.4,0.0,200.0
LTCUSDT,108.60000000000001,0.0,15.0
LTCUSDT,108.7,0.0,7.37
LTCUSDT,109.0,0.0,326.1
LTCUSDT,109.10000000000001,0.0,0.4
LTCUSDT,109.30000000000001,0.0,0.17
LTCUSDT,109.4,0.0,205.97
LTCUSDT,109.60000000000001,0.0,367.88
LTCUSDT,109.80000000000001,0.0,1.06
LTCUSDT,110.0,0.0,1390.31
LTCUSDT,110.10000000000001,0.0,0.36
LTCUSDT,110.4,0.0,0.15
LTCUSDT,110.60000000000001,0.0,0.09
XRPUSDT,1.4000000000000001,456816.27,0.0
XRPUSDT,1.41,2201352.29,0.0
XRPUSDT,1.42,41357.95,0.0
XRPUSDT,1.43,130875.79,0.0
XRPUSDT,1.44,88038.25,0.0
XRPUSDT,1.45,330852.53,0.0
XRPUSDT,1.46,2882691.71,0.0
XRPUSDT,1.47,1013804.82,1117922.84
XRPUSDT,1.48,0.0,1459497.82
XRPUSDT,1.49,0.0,635817.44
XRPUSDT,1.5,0.0,29487.8
XRPUSDT,1.51,0.0,44067.34
XRPUSDT,1.52,0.0,30157.0
XRPUSDT,1.53,0.0,1011285.25
XRPUSDT,1.54,0.0,531079.52
XRPUSDT,1.55,0.0,204587.31
XRPUSDT,1.56,0.0,38613.01
